Model_Name,PRED,Strategy_Class,Equity_Final_$,Equity_Peak_$,Return_%,#_Trades,Win_Rate,Commission,Cash
3C-1H-LSTM_1H_43F_Class_01_Train.csv,False,limits,29299196.28791344,29483305.653009795,2929819.628791344,18630.0,69.01771336553946,0.0001,1000
3C-1H-LSTM_1H_43F_Class_01_Train.csv,False,limits,29299196.28791344,29483305.653009795,2929819.628791344,18630.0,69.01771336553946,0.0001,1000
3C-1H-LSTM_1H_43F_Class_01_Train.csv,True,limits,12832.551904130192,12913.188688853535,1183.2551904130196,11964.0,54.321297225008365,0.0001,1000
3C-1H-LSTM_1H_43F_Class_01_Train.csv,True,limits,12832.551904130192,12913.188688853535,1183.2551904130196,11964.0,54.321297225008365,0.0001,1000
3C-1H-LSTM_1H_43F_Class_01_Test.csv,False,limits,2294.2416841089002,2325.1742799542385,129.42416841088996,5261.0,58.772096559589436,0.0001,1000
3C-1H-LSTM_1H_43F_Class_01_Test.csv,True,limits,793.1457916323918,1033.6151033502165,-20.68542083676082,4127.0,48.776350860189,0.0001,1000
